point	title	description	icon
337862.7334,184542.04469	GM001	<a target='_new' href='static/monumenten/pdfs/GM001.pdf'>OPEN DOCUMENT</a>	gm.png
330295.700104,185426.025085	GM085	<a target='_new' href='static/monumenten/pdfs/GM085.pdf'>OPEN DOCUMENT</a>	gm.png
331733.733839,186481.089778	GM082	<a target='_new' href='static/monumenten/pdfs/GM082.pdf'>OPEN DOCUMENT</a>	gm.png
330802.85011,186575.735106	GM041	<a target='_new' href='static/monumenten/pdfs/GM041.pdf'>OPEN DOCUMENT</a>	gm.png
332321.35,185393.95	GM097	<a target='_new' href='static/monumenten/pdfs/GM097.pdf'>OPEN DOCUMENT</a>	gm.png
331739.579987,185432.601067	GM064	<a target='_new' href='static/monumenten/pdfs/GM064.pdf'>OPEN DOCUMENT</a>	gm.png
332575.092319,188783.727135	GM187	<a target='_new' href='static/monumenten/pdfs/GM187.pdf'>OPEN DOCUMENT</a>	gm.png
332594.726579,188931.250929	GM050	<a target='_new' href='static/monumenten/pdfs/GM050.pdf'>OPEN DOCUMENT</a>	gm.png
339689.157325,183345.582289	GM014	<a target='_new' href='static/monumenten/pdfs/GM014.pdf'>OPEN DOCUMENT</a>	gm.png
331748.818768,185649.395014	GM096	<a target='_new' href='static/monumenten/pdfs/GM096.pdf'>OPEN DOCUMENT</a>	gm.png
334996.76383,189824.544078	GM020	<a target='_new' href='static/monumenten/pdfs/GM020.pdf'>OPEN DOCUMENT</a>	gm.png
339215.381954,182002.13196	GM098	<a target='_new' href='static/monumenten/pdfs/GM098.pdf'>OPEN DOCUMENT</a>	gm.png
339219.923,182021.0825	GM099	<a target='_new' href='static/monumenten/pdfs/GM099.pdf'>OPEN DOCUMENT</a>	gm.png
334027.322288,188596.64509	GM016	<a target='_new' href='static/monumenten/pdfs/GM016.pdf'>OPEN DOCUMENT</a>	gm.png
330989.272176,185902.604721	GM034	<a target='_new' href='static/monumenten/pdfs/GM034.pdf'>OPEN DOCUMENT</a>	gm.png
330840.370975,185656.184497	GM069	<a target='_new' href='static/monumenten/pdfs/GM069.pdf'>OPEN DOCUMENT</a>	gm.png
331960.94075,186590.498321	GM078	<a target='_new' href='static/monumenten/pdfs/GM078.pdf'>OPEN DOCUMENT</a>	gm.png
331403.042847,186937.885764	GM053	<a target='_new' href='static/monumenten/pdfs/GM053.pdf'>OPEN DOCUMENT</a>	gm.png
331434.198707,186948.660774	GM056	<a target='_new' href='static/monumenten/pdfs/GM056.pdf'>OPEN DOCUMENT</a>	gm.png
331193.3323,185817.722736	GM058	<a target='_new' href='static/monumenten/pdfs/GM058.pdf'>OPEN DOCUMENT</a>	gm.png
331990.15,186430.625	GM087	<a target='_new' href='static/monumenten/pdfs/GM087.pdf'>OPEN DOCUMENT</a>	gm.png
331974.368584,186457.959491	GM088	<a target='_new' href='static/monumenten/pdfs/GM088.pdf'>OPEN DOCUMENT</a>	gm.png
332011.675,186446.35	GM089	<a target='_new' href='static/monumenten/pdfs/GM089.pdf'>OPEN DOCUMENT</a>	gm.png
332030.075,186459.025	GM091	<a target='_new' href='static/monumenten/pdfs/GM091.pdf'>OPEN DOCUMENT</a>	gm.png
332045.1,186480.175	GM093	<a target='_new' href='static/monumenten/pdfs/GM093.pdf'>OPEN DOCUMENT</a>	gm.png
332042.612391,186516.420444	GM095	<a target='_new' href='static/monumenten/pdfs/GM095.pdf'>OPEN DOCUMENT</a>	gm.png
332018.844346,186512.520108	GM094	<a target='_new' href='static/monumenten/pdfs/GM094.pdf'>OPEN DOCUMENT</a>	gm.png
339281.733518,182314.972981	GM101	<a target='_new' href='static/monumenten/pdfs/GM101.pdf'>OPEN DOCUMENT</a>	gm.png
334986.511433,186035.468267	GM031	<a target='_new' href='static/monumenten/pdfs/GM031.pdf'>OPEN DOCUMENT</a>	gm.png
331375.334532,186966.538795	GM052	<a target='_new' href='static/monumenten/pdfs/GM052.pdf'>OPEN DOCUMENT</a>	gm.png
331785.314637,186585.709464	GM081	<a target='_new' href='static/monumenten/pdfs/GM081.pdf'>OPEN DOCUMENT</a>	gm.png
331772.995481,186502.017472	GM083	<a target='_new' href='static/monumenten/pdfs/GM083.pdf'>OPEN DOCUMENT</a>	gm.png
331823.458105,185557.041352	GM067	<a target='_new' href='static/monumenten/pdfs/GM067.pdf'>OPEN DOCUMENT</a>	gm.png
331843.626921,186193.746562	GM037	<a target='_new' href='static/monumenten/pdfs/GM037.pdf'>OPEN DOCUMENT</a>	gm.png
331731.038131,188454.476698	GM115	<a target='_new' href='static/monumenten/pdfs/GM115.pdf'>OPEN DOCUMENT</a>	gm.png
334044.576484,189242.380863	GM154	<a target='_new' href='static/monumenten/pdfs/GM154.pdf'>OPEN DOCUMENT</a>	gm.png
334431.833359,188673.70797	GM177	<a target='_new' href='static/monumenten/pdfs/GM177.pdf'>OPEN DOCUMENT</a>	gm.png
334435.92656,188685.431256	GM176	<a target='_new' href='static/monumenten/pdfs/GM176.pdf'>OPEN DOCUMENT</a>	gm.png
333264.8685,188368.1515	GM184	<a target='_new' href='static/monumenten/pdfs/GM184.pdf'>OPEN DOCUMENT</a>	gm.png
334286.031157,188253.331831	GM214	<a target='_new' href='static/monumenten/pdfs/GM214.pdf'>OPEN DOCUMENT</a>	gm.png
336006.501255,185164.710621	GM102	<a target='_new' href='static/monumenten/pdfs/GM102.pdf'>OPEN DOCUMENT</a>	gm.png
336138.578618,185296.448089	GM104	<a target='_new' href='static/monumenten/pdfs/GM104.pdf'>OPEN DOCUMENT</a>	gm.png
331323.714373,187695.202695	GM112	<a target='_new' href='static/monumenten/pdfs/GM112.pdf'>OPEN DOCUMENT</a>	gm.png
334057.719908,188595.772443	GM143	<a target='_new' href='static/monumenten/pdfs/GM143.pdf'>OPEN DOCUMENT</a>	gm.png
334066.870739,188611.304523	GM142	<a target='_new' href='static/monumenten/pdfs/GM142.pdf'>OPEN DOCUMENT</a>	gm.png
334083.252988,188625.822129	GM141	<a target='_new' href='static/monumenten/pdfs/GM141.pdf'>OPEN DOCUMENT</a>	gm.png
334103.588229,188648.15331	GM140	<a target='_new' href='static/monumenten/pdfs/GM140.pdf'>OPEN DOCUMENT</a>	gm.png
334114.02959,188664.050466	GM139	<a target='_new' href='static/monumenten/pdfs/GM139.pdf'>OPEN DOCUMENT</a>	gm.png
334130.536766,188690.263465	GM138	<a target='_new' href='static/monumenten/pdfs/GM138.pdf'>OPEN DOCUMENT</a>	gm.png
334029.740759,188554.146471	GM144	<a target='_new' href='static/monumenten/pdfs/GM144.pdf'>OPEN DOCUMENT</a>	gm.png
333941.811493,188442.325161	GM145	<a target='_new' href='static/monumenten/pdfs/GM145.pdf'>OPEN DOCUMENT</a>	gm.png
333658.336827,188878.753125	GM156	<a target='_new' href='static/monumenten/pdfs/GM156.pdf'>OPEN DOCUMENT</a>	gm.png
334080.736882,188534.655916	GM127	<a target='_new' href='static/monumenten/pdfs/GM127.pdf'>OPEN DOCUMENT</a>	gm.png
334086.679745,188527.571842	GM137	<a target='_new' href='static/monumenten/pdfs/GM137.pdf'>OPEN DOCUMENT</a>	gm.png
330967.313498,185931.948057	GM061	<a target='_new' href='static/monumenten/pdfs/GM061.pdf'>OPEN DOCUMENT</a>	gm.png
337588.313224,182853.405651	GM118	<a target='_new' href='static/monumenten/pdfs/GM118.pdf'>OPEN DOCUMENT</a>	gm.png
331883.749206,188412.735656	GM116	<a target='_new' href='static/monumenten/pdfs/GM116.pdf'>OPEN DOCUMENT</a>	gm.png
337529.642725,182563.979584	GM119	<a target='_new' href='static/monumenten/pdfs/GM119.pdf'>OPEN DOCUMENT</a>	gm.png
337485.171636,182728.829685	GM120	<a target='_new' href='static/monumenten/pdfs/GM120.pdf'>OPEN DOCUMENT</a>	gm.png
337583.489324,182553.086228	GM122	<a target='_new' href='static/monumenten/pdfs/GM122.pdf'>OPEN DOCUMENT</a>	gm.png
334538.047372,188826.247536	GM151	<a target='_new' href='static/monumenten/pdfs/GM151.pdf'>OPEN DOCUMENT</a>	gm.png
334257.202743,188527.626857	GM194	<a target='_new' href='static/monumenten/pdfs/GM194.pdf'>OPEN DOCUMENT</a>	gm.png
334805.873717,188230.748916	GM221	<a target='_new' href='static/monumenten/pdfs/GM221.pdf'>OPEN DOCUMENT</a>	gm.png
334907.00926,188292.005778	GM232	<a target='_new' href='static/monumenten/pdfs/GM232.pdf'>OPEN DOCUMENT</a>	gm.png
334926.321591,190393.142651	GM234	<a target='_new' href='static/monumenten/pdfs/GM234.pdf'>OPEN DOCUMENT</a>	gm.png
334347.920345,188878.00288	GM018	<a target='_new' href='static/monumenten/pdfs/GM018.pdf'>OPEN DOCUMENT</a>	gm.png
334377.532337,188884.38816	GM179	<a target='_new' href='static/monumenten/pdfs/GM179.pdf'>OPEN DOCUMENT</a>	gm.png
334442.108943,188905.442575	GM188	<a target='_new' href='static/monumenten/pdfs/GM188.pdf'>OPEN DOCUMENT</a>	gm.png
334026.277835,188404.940383	GM196	<a target='_new' href='static/monumenten/pdfs/GM196.pdf'>OPEN DOCUMENT</a>	gm.png
334308.200423,189035.404173	GM199	<a target='_new' href='static/monumenten/pdfs/GM199.pdf'>OPEN DOCUMENT</a>	gm.png
334251.302128,189114.406529	GM202	<a target='_new' href='static/monumenten/pdfs/GM202.pdf'>OPEN DOCUMENT</a>	gm.png
334061.27701,188174.479691	GM216	<a target='_new' href='static/monumenten/pdfs/GM216.pdf'>OPEN DOCUMENT</a>	gm.png
334658.203347,188354.00784	GM224	<a target='_new' href='static/monumenten/pdfs/GM224.pdf'>OPEN DOCUMENT</a>	gm.png
337547.760339,185145.606991	GM002	<a target='_new' href='static/monumenten/pdfs/GM002.pdf'>OPEN DOCUMENT</a>	gm.png
331297.083761,185936.582028	GM059	<a target='_new' href='static/monumenten/pdfs/GM059.pdf'>OPEN DOCUMENT</a>	gm.png
334618.04969,189234.362897	GM226	<a target='_new' href='static/monumenten/pdfs/GM226.pdf'>OPEN DOCUMENT</a>	gm.png
334343.342259,188283.795553	GM212	<a target='_new' href='static/monumenten/pdfs/GM212.pdf'>OPEN DOCUMENT</a>	gm.png
334962.068929,189784.203238	GM225	<a target='_new' href='static/monumenten/pdfs/GM225.pdf'>OPEN DOCUMENT</a>	gm.png
334221.098337,188699.20574	GM134	<a target='_new' href='static/monumenten/pdfs/GM134.pdf'>OPEN DOCUMENT</a>	gm.png
334105.456975,188552.335017	GM136	<a target='_new' href='static/monumenten/pdfs/GM136.pdf'>OPEN DOCUMENT</a>	gm.png
334442.994436,188613.154231	GM129	<a target='_new' href='static/monumenten/pdfs/GM129.pdf'>OPEN DOCUMENT</a>	gm.png
334463.922075,188792.949667	GM148	<a target='_new' href='static/monumenten/pdfs/GM148.pdf'>OPEN DOCUMENT</a>	gm.png
334385.13275,188875.429737	GM158	<a target='_new' href='static/monumenten/pdfs/GM158.pdf'>OPEN DOCUMENT</a>	gm.png
334387.229642,188858.138371	GM160	<a target='_new' href='static/monumenten/pdfs/GM160.pdf'>OPEN DOCUMENT</a>	gm.png
336144.570703,186608.477456	GM110	<a target='_new' href='static/monumenten/pdfs/GM110.pdf'>OPEN DOCUMENT</a>	gm.png
334378.00179,188824.918573	GM162	<a target='_new' href='static/monumenten/pdfs/GM162.pdf'>OPEN DOCUMENT</a>	gm.png
334407.705974,188779.022432	GM165	<a target='_new' href='static/monumenten/pdfs/GM165.pdf'>OPEN DOCUMENT</a>	gm.png
334387.320024,188756.728621	GM169	<a target='_new' href='static/monumenten/pdfs/GM169.pdf'>OPEN DOCUMENT</a>	gm.png
334425.003209,188704.423619	GM174	<a target='_new' href='static/monumenten/pdfs/GM174.pdf'>OPEN DOCUMENT</a>	gm.png
334415.75378,188671.9603	GM175	<a target='_new' href='static/monumenten/pdfs/GM175.pdf'>OPEN DOCUMENT</a>	gm.png
339569.239084,184489.64763	GM028	<a target='_new' href='static/monumenten/pdfs/GM028.pdf'>OPEN DOCUMENT</a>	gm.png
334023.746604,188499.518361	GM146	<a target='_new' href='static/monumenten/pdfs/GM146.pdf'>OPEN DOCUMENT</a>	gm.png
334402.220379,188695.23563	GM172	<a target='_new' href='static/monumenten/pdfs/GM172.pdf'>OPEN DOCUMENT</a>	gm.png
334769.919771,188269.648724	GM220	<a target='_new' href='static/monumenten/pdfs/GM220.pdf'>OPEN DOCUMENT</a>	gm.png
339540.145194,184528.94915	GM004	<a target='_new' href='static/monumenten/pdfs/GM004.pdf'>OPEN DOCUMENT</a>	gm.png
331856.02733,185389.553352	GM068	<a target='_new' href='static/monumenten/pdfs/GM068.pdf'>OPEN DOCUMENT</a>	gm.png
330996.928615,185739.505484	GM074	<a target='_new' href='static/monumenten/pdfs/GM074.pdf'>OPEN DOCUMENT</a>	gm.png
331002.585586,185743.667679	GM075	<a target='_new' href='static/monumenten/pdfs/GM075.pdf'>OPEN DOCUMENT</a>	gm.png
333904.753579,189000.570658	GM155	<a target='_new' href='static/monumenten/pdfs/GM155.pdf'>OPEN DOCUMENT</a>	gm.png
339954.829237,185695.375364	GM108	<a target='_new' href='static/monumenten/pdfs/GM108.pdf'>OPEN DOCUMENT</a>	gm.png
334887.107835,188376.144484	GM231	<a target='_new' href='static/monumenten/pdfs/GM231.pdf'>OPEN DOCUMENT</a>	gm.png
334269.85881,188377.794186	GM149	<a target='_new' href='static/monumenten/pdfs/GM149.pdf'>OPEN DOCUMENT</a>	gm.png
331657.465107,185187.46313	GM066	<a target='_new' href='static/monumenten/pdfs/GM066.pdf'>OPEN DOCUMENT</a>	gm.png
334733.700542,189066.712895	GM186	<a target='_new' href='static/monumenten/pdfs/GM186.pdf'>OPEN DOCUMENT</a>	gm.png
333477.595667,187106.135167	GM229	<a target='_new' href='static/monumenten/pdfs/GM229.pdf'>OPEN DOCUMENT</a>	gm.png
331576.667063,185084.316875	GM065	<a target='_new' href='static/monumenten/pdfs/GM065.pdf'>OPEN DOCUMENT</a>	gm.png
329318.837037,186664.721965	GM035	<a target='_new' href='static/monumenten/pdfs/GM035.pdf'>OPEN DOCUMENT</a>	gm.png
330582.233901,186465.980447	GM042	<a target='_new' href='static/monumenten/pdfs/GM042.pdf'>OPEN DOCUMENT</a>	gm.png
330628.775449,186490.804734	GM044	<a target='_new' href='static/monumenten/pdfs/GM044.pdf'>OPEN DOCUMENT</a>	gm.png
330605.588484,186478.440379	GM043	<a target='_new' href='static/monumenten/pdfs/GM043.pdf'>OPEN DOCUMENT</a>	gm.png
331500.810257,186995.971895	GM046	<a target='_new' href='static/monumenten/pdfs/GM046.pdf'>OPEN DOCUMENT</a>	gm.png
339942.171766,185653.548528	GM107	<a target='_new' href='static/monumenten/pdfs/GM107.pdf'>OPEN DOCUMENT</a>	gm.png
331484.590657,187045.879975	GM047	<a target='_new' href='static/monumenten/pdfs/GM047.pdf'>OPEN DOCUMENT</a>	gm.png
331799.21484,188037.916956	GM114	<a target='_new' href='static/monumenten/pdfs/GM114.pdf'>OPEN DOCUMENT</a>	gm.png
339601.084402,184458.718836	GM029	<a target='_new' href='static/monumenten/pdfs/GM029.pdf'>OPEN DOCUMENT</a>	gm.png
335073.045439,186083.647787	GM032	<a target='_new' href='static/monumenten/pdfs/GM032.pdf'>OPEN DOCUMENT</a>	gm.png
334739.668679,189030.248239	GM185	<a target='_new' href='static/monumenten/pdfs/GM185.pdf'>OPEN DOCUMENT</a>	gm.png
334410.519868,188535.323192	GM192	<a target='_new' href='static/monumenten/pdfs/GM192.pdf'>OPEN DOCUMENT</a>	gm.png
331255.29182,185961.200299	GM060	<a target='_new' href='static/monumenten/pdfs/GM060.pdf'>OPEN DOCUMENT</a>	gm.png
331025.673516,185854.647278	GM062	<a target='_new' href='static/monumenten/pdfs/GM062.pdf'>OPEN DOCUMENT</a>	gm.png
334866.524771,190388.91485	GM235	<a target='_new' href='static/monumenten/pdfs/GM235.pdf'>OPEN DOCUMENT</a>	gm.png
339546.957249,182471.194718	GM123	<a target='_new' href='static/monumenten/pdfs/GM123.pdf'>OPEN DOCUMENT</a>	gm.png
334183.56306,188678.290132	GM135	<a target='_new' href='static/monumenten/pdfs/GM135.pdf'>OPEN DOCUMENT</a>	gm.png
336761.089223,188541.598524	GM182	<a target='_new' href='static/monumenten/pdfs/GM182.pdf'>OPEN DOCUMENT</a>	gm.png
337988.080689,184290.956008	GM023	<a target='_new' href='static/monumenten/pdfs/GM023.pdf'>OPEN DOCUMENT</a>	gm.png
334143.757562,188488.95751	GM195	<a target='_new' href='static/monumenten/pdfs/GM195.pdf'>OPEN DOCUMENT</a>	gm.png
334930.838673,190461.897733	GM025	<a target='_new' href='static/monumenten/pdfs/GM025.pdf'>OPEN DOCUMENT</a>	gm.png
331466.380812,186320.669012	GM080	<a target='_new' href='static/monumenten/pdfs/GM080.pdf'>OPEN DOCUMENT</a>	gm.png
332004.049823,186670.79095	GM084	<a target='_new' href='static/monumenten/pdfs/GM084.pdf'>OPEN DOCUMENT</a>	gm.png
339977.711851,185654.563861	GM106	<a target='_new' href='static/monumenten/pdfs/GM106.pdf'>OPEN DOCUMENT</a>	gm.png
334538.511188,188792.589958	GM152	<a target='_new' href='static/monumenten/pdfs/GM152.pdf'>OPEN DOCUMENT</a>	gm.png
331187.730425,185900.709104	GM057	<a target='_new' href='static/monumenten/pdfs/GM057.pdf'>OPEN DOCUMENT</a>	gm.png
337898.013508,184590.786045	GM022	<a target='_new' href='static/monumenten/pdfs/GM022.pdf'>OPEN DOCUMENT</a>	gm.png
334896.733064,190531.233248	GM026	<a target='_new' href='static/monumenten/pdfs/GM026.pdf'>OPEN DOCUMENT</a>	gm.png
334844.938787,190581.191813	GM027	<a target='_new' href='static/monumenten/pdfs/GM027.pdf'>OPEN DOCUMENT</a>	gm.png
339389.892609,184529.210231	GM030	<a target='_new' href='static/monumenten/pdfs/GM030.pdf'>OPEN DOCUMENT</a>	gm.png
334785.620921,185857.732236	GM033	<a target='_new' href='static/monumenten/pdfs/GM033.pdf'>OPEN DOCUMENT</a>	gm.png
330606.741405,186832.697019	GM036	<a target='_new' href='static/monumenten/pdfs/GM036.pdf'>OPEN DOCUMENT</a>	gm.png
331132.470787,185864.298523	GM038	<a target='_new' href='static/monumenten/pdfs/GM038.pdf'>OPEN DOCUMENT</a>	gm.png
331082.624398,185853.722856	GM039	<a target='_new' href='static/monumenten/pdfs/GM039.pdf'>OPEN DOCUMENT</a>	gm.png
331268.364032,185425.644948	GM040	<a target='_new' href='static/monumenten/pdfs/GM040.pdf'>OPEN DOCUMENT</a>	gm.png
330867.908776,186680.006751	GM045	<a target='_new' href='static/monumenten/pdfs/GM045.pdf'>OPEN DOCUMENT</a>	gm.png
331426.779113,187028.67055	GM048	<a target='_new' href='static/monumenten/pdfs/GM048.pdf'>OPEN DOCUMENT</a>	gm.png
331434.163412,187044.025668	GM049	<a target='_new' href='static/monumenten/pdfs/GM049.pdf'>OPEN DOCUMENT</a>	gm.png
331367.990999,186920.759148	GM051	<a target='_new' href='static/monumenten/pdfs/GM051.pdf'>OPEN DOCUMENT</a>	gm.png
331310.022353,186922.348092	GM072	<a target='_new' href='static/monumenten/pdfs/GM072.pdf'>OPEN DOCUMENT</a>	gm.png
331265.699711,186888.174642	GM073	<a target='_new' href='static/monumenten/pdfs/GM073.pdf'>OPEN DOCUMENT</a>	gm.png
331238.166702,187046.449608	GM070	<a target='_new' href='static/monumenten/pdfs/GM070.pdf'>OPEN DOCUMENT</a>	gm.png
331301.324914,187005.603489	GM071	<a target='_new' href='static/monumenten/pdfs/GM071.pdf'>OPEN DOCUMENT</a>	gm.png
331415.739126,186965.126778	GM054	<a target='_new' href='static/monumenten/pdfs/GM054.pdf'>OPEN DOCUMENT</a>	gm.png
331453.72673,186967.626551	GM055	<a target='_new' href='static/monumenten/pdfs/GM055.pdf'>OPEN DOCUMENT</a>	gm.png
331087.542349,185707.35655	GM063	<a target='_new' href='static/monumenten/pdfs/GM063.pdf'>OPEN DOCUMENT</a>	gm.png
331106.447972,185996.242065	GM076	<a target='_new' href='static/monumenten/pdfs/GM076.pdf'>OPEN DOCUMENT</a>	gm.png
331100.359332,186002.295741	GM077	<a target='_new' href='static/monumenten/pdfs/GM077.pdf'>OPEN DOCUMENT</a>	gm.png
331073.266052,186080.967924	GM079	<a target='_new' href='static/monumenten/pdfs/GM079.pdf'>OPEN DOCUMENT</a>	gm.png
330651.311378,185052.536504	GM086	<a target='_new' href='static/monumenten/pdfs/GM086.pdf'>OPEN DOCUMENT</a>	gm.png
331994.692878,186475.508495	GM090	<a target='_new' href='static/monumenten/pdfs/GM090.pdf'>OPEN DOCUMENT</a>	gm.png
332002.338854,186493.672478	GM092	<a target='_new' href='static/monumenten/pdfs/GM092.pdf'>OPEN DOCUMENT</a>	gm.png
339227.213295,182207.913747	GM100	<a target='_new' href='static/monumenten/pdfs/GM100.pdf'>OPEN DOCUMENT</a>	gm.png
336084.745849,185161.976516	GM103	<a target='_new' href='static/monumenten/pdfs/GM103.pdf'>OPEN DOCUMENT</a>	gm.png
340041.854738,185593.814626	GM105	<a target='_new' href='static/monumenten/pdfs/GM105.pdf'>OPEN DOCUMENT</a>	gm.png
339940.490818,185431.803253	GM109	<a target='_new' href='static/monumenten/pdfs/GM109.pdf'>OPEN DOCUMENT</a>	gm.png
337591.2014,182243.990866	GM121	<a target='_new' href='static/monumenten/pdfs/GM121.pdf'>OPEN DOCUMENT</a>	gm.png
335166.058546,190478.705337	GM124	<a target='_new' href='static/monumenten/pdfs/GM124.pdf'>OPEN DOCUMENT</a>	gm.png
334993.258723,190545.70218	GM125	<a target='_new' href='static/monumenten/pdfs/GM125.pdf'>OPEN DOCUMENT</a>	gm.png
334455.17713,188701.299838	GM126	<a target='_new' href='static/monumenten/pdfs/GM126.pdf'>OPEN DOCUMENT</a>	gm.png
334438.516987,188646.908569	GM128	<a target='_new' href='static/monumenten/pdfs/GM128.pdf'>OPEN DOCUMENT</a>	gm.png
334431.498738,188573.709645	GM130	<a target='_new' href='static/monumenten/pdfs/GM130.pdf'>OPEN DOCUMENT</a>	gm.png
334203.936881,188736.045048	GM133	<a target='_new' href='static/monumenten/pdfs/GM133.pdf'>OPEN DOCUMENT</a>	gm.png
334433.065669,188969.340415	GM147	<a target='_new' href='static/monumenten/pdfs/GM147.pdf'>OPEN DOCUMENT</a>	gm.png
334504.866609,188837.120945	GM153	<a target='_new' href='static/monumenten/pdfs/GM153.pdf'>OPEN DOCUMENT</a>	gm.png
334399.552158,188881.37915	GM157	<a target='_new' href='static/monumenten/pdfs/GM157.pdf'>OPEN DOCUMENT</a>	gm.png
334402.057086,188872.572619	GM159	<a target='_new' href='static/monumenten/pdfs/GM159.pdf'>OPEN DOCUMENT</a>	gm.png
334413.812836,188811.235527	GM163	<a target='_new' href='static/monumenten/pdfs/GM163.pdf'>OPEN DOCUMENT</a>	gm.png
334408.563941,188794.45145	GM164	<a target='_new' href='static/monumenten/pdfs/GM164.pdf'>OPEN DOCUMENT</a>	gm.png
334388.888526,188779.827065	GM166	<a target='_new' href='static/monumenten/pdfs/GM166.pdf'>OPEN DOCUMENT</a>	gm.png
334406.15518,188763.413355	GM167	<a target='_new' href='static/monumenten/pdfs/GM167.pdf'>OPEN DOCUMENT</a>	gm.png
334389.019894,188772.628827	GM168	<a target='_new' href='static/monumenten/pdfs/GM168.pdf'>OPEN DOCUMENT</a>	gm.png
334404.756338,188737.614235	GM170	<a target='_new' href='static/monumenten/pdfs/GM170.pdf'>OPEN DOCUMENT</a>	gm.png
334385.517576,188724.288668	GM171	<a target='_new' href='static/monumenten/pdfs/GM171.pdf'>OPEN DOCUMENT</a>	gm.png
334409.147417,188691.830648	GM173	<a target='_new' href='static/monumenten/pdfs/GM173.pdf'>OPEN DOCUMENT</a>	gm.png
334357.005696,188883.762824	GM178	<a target='_new' href='static/monumenten/pdfs/GM178.pdf'>OPEN DOCUMENT</a>	gm.png
334395.39689,188896.344227	GM180	<a target='_new' href='static/monumenten/pdfs/GM180.pdf'>OPEN DOCUMENT</a>	gm.png
334931.215678,189557.163146	GM189	<a target='_new' href='static/monumenten/pdfs/GM189.pdf'>OPEN DOCUMENT</a>	gm.png
334445.365992,189052.279825	GM190	<a target='_new' href='static/monumenten/pdfs/GM190.pdf'>OPEN DOCUMENT</a>	gm.png
334425.47711,189062.199921	GM191	<a target='_new' href='static/monumenten/pdfs/GM191.pdf'>OPEN DOCUMENT</a>	gm.png
334316.820519,188561.700356	GM193	<a target='_new' href='static/monumenten/pdfs/GM193.pdf'>OPEN DOCUMENT</a>	gm.png
334267.055044,188937.141339	GM197	<a target='_new' href='static/monumenten/pdfs/GM197.pdf'>OPEN DOCUMENT</a>	gm.png
334271.919541,188935.000394	GM198	<a target='_new' href='static/monumenten/pdfs/GM198.pdf'>OPEN DOCUMENT</a>	gm.png
334347.348412,189094.27128	GM200	<a target='_new' href='static/monumenten/pdfs/GM200.pdf'>OPEN DOCUMENT</a>	gm.png
334251.358261,189094.134519	GM201	<a target='_new' href='static/monumenten/pdfs/GM201.pdf'>OPEN DOCUMENT</a>	gm.png
334180.331687,189133.663297	GM203	<a target='_new' href='static/monumenten/pdfs/GM203.pdf'>OPEN DOCUMENT</a>	gm.png
334172.650558,189137.918356	GM204	<a target='_new' href='static/monumenten/pdfs/GM204.pdf'>OPEN DOCUMENT</a>	gm.png
334112.824277,189170.38511	GM205	<a target='_new' href='static/monumenten/pdfs/GM205.pdf'>OPEN DOCUMENT</a>	gm.png
334105.734162,189174.461357	GM206	<a target='_new' href='static/monumenten/pdfs/GM206.pdf'>OPEN DOCUMENT</a>	gm.png
334098.358639,189179.330503	GM207	<a target='_new' href='static/monumenten/pdfs/GM207.pdf'>OPEN DOCUMENT</a>	gm.png
334465.212187,188401.523528	GM209	<a target='_new' href='static/monumenten/pdfs/GM209.pdf'>OPEN DOCUMENT</a>	gm.png
334356.337176,188299.57652	GM211	<a target='_new' href='static/monumenten/pdfs/GM211.pdf'>OPEN DOCUMENT</a>	gm.png
334312.380523,188263.470723	GM213	<a target='_new' href='static/monumenten/pdfs/GM213.pdf'>OPEN DOCUMENT</a>	gm.png
334257.912164,188236.446056	GM215	<a target='_new' href='static/monumenten/pdfs/GM215.pdf'>OPEN DOCUMENT</a>	gm.png
334094.475482,188119.283977	GM217	<a target='_new' href='static/monumenten/pdfs/GM217.pdf'>OPEN DOCUMENT</a>	gm.png
334077.861701,188116.432094	GM218	<a target='_new' href='static/monumenten/pdfs/GM218.pdf'>OPEN DOCUMENT</a>	gm.png
334599.318096,188386.12112	GM222	<a target='_new' href='static/monumenten/pdfs/GM222.pdf'>OPEN DOCUMENT</a>	gm.png
334604.366445,188383.958601	GM223	<a target='_new' href='static/monumenten/pdfs/GM223.pdf'>OPEN DOCUMENT</a>	gm.png
335443.381995,190092.965527	GM227	<a target='_new' href='static/monumenten/pdfs/GM227.pdf'>OPEN DOCUMENT</a>	gm.png
334447.085199,188509.365537	GM230	<a target='_new' href='static/monumenten/pdfs/GM230.pdf'>OPEN DOCUMENT</a>	gm.png
334763.982883,188403.541579	GM233	<a target='_new' href='static/monumenten/pdfs/GM233.pdf'>OPEN DOCUMENT</a>	gm.png
334491.668825,188332.55467	GM236	<a target='_new' href='static/monumenten/pdfs/GM236.pdf'>OPEN DOCUMENT</a>	gm.png
339477.453013,184471.435375	GM003	<a target='_new' href='static/monumenten/pdfs/GM003.pdf'>OPEN DOCUMENT</a>	gm.png
339152.626961,182271.440121	GM005	<a target='_new' href='static/monumenten/pdfs/GM005.pdf'>OPEN DOCUMENT</a>	gm.png
339203.06086,181954.794481	GM006	<a target='_new' href='static/monumenten/pdfs/GM006.pdf'>OPEN DOCUMENT</a>	gm.png
339016.428866,181712.659966	GM007	<a target='_new' href='static/monumenten/pdfs/GM007.pdf'>OPEN DOCUMENT</a>	gm.png
339060.672926,181683.324692	GM008	<a target='_new' href='static/monumenten/pdfs/GM008.pdf'>OPEN DOCUMENT</a>	gm.png
339213.009805,181944.243507	GM009	<a target='_new' href='static/monumenten/pdfs/GM009.pdf'>OPEN DOCUMENT</a>	gm.png
337681.261296,182275.530662	GM010	<a target='_new' href='static/monumenten/pdfs/GM010.pdf'>OPEN DOCUMENT</a>	gm.png
337458.694458,182281.812308	GM011	<a target='_new' href='static/monumenten/pdfs/GM011.pdf'>OPEN DOCUMENT</a>	gm.png
334424.048535,188898.81622	GM015	<a target='_new' href='static/monumenten/pdfs/GM015.pdf'>OPEN DOCUMENT</a>	gm.png
334475.41037,188798.634745	GM017	<a target='_new' href='static/monumenten/pdfs/GM017.pdf'>OPEN DOCUMENT</a>	gm.png
334421.969443,189059.331616	GM019	<a target='_new' href='static/monumenten/pdfs/GM019.pdf'>OPEN DOCUMENT</a>	gm.png
334852.875762,188191.261602	GM219	<a target='_new' href='static/monumenten/pdfs/GM219.pdf'>OPEN DOCUMENT</a>	gm.png
335247.168578,188206.952632	GM228	<a target='_new' href='static/monumenten/pdfs/GM228.pdf'>OPEN DOCUMENT</a>	gm.png
337554.555209,182560.938229	GM012	<a target='_new' href='static/monumenten/pdfs/GM012.pdf'>OPEN DOCUMENT</a>	gm.png
339204.046032,182523.118121	GM013	<a target='_new' href='static/monumenten/pdfs/GM013.pdf'>OPEN DOCUMENT</a>	gm.png
336250.68301,186668.000317	GM111	<a target='_new' href='static/monumenten/pdfs/GM111.pdf'>OPEN DOCUMENT</a>	gm.png
331864.605666,188084.74774	GM113	<a target='_new' href='static/monumenten/pdfs/GM113.pdf'>OPEN DOCUMENT</a>	gm.png
331765.155565,188580.077323	GM117	<a target='_new' href='static/monumenten/pdfs/GM117.pdf'>OPEN DOCUMENT</a>	gm.png
334094.015291,188938.800596	GM132	<a target='_new' href='static/monumenten/pdfs/GM132.pdf'>OPEN DOCUMENT</a>	gm.png
334520.792753,188858.943259	GM150	<a target='_new' href='static/monumenten/pdfs/GM150.pdf'>OPEN DOCUMENT</a>	gm.png
334394.478549,188992.309973	GM181	<a target='_new' href='static/monumenten/pdfs/GM181.pdf'>OPEN DOCUMENT</a>	gm.png
337199.322489,188912.794241	GM183	<a target='_new' href='static/monumenten/pdfs/GM183.pdf'>OPEN DOCUMENT</a>	gm.png
334345.060049,188433.785314	GM021	<a target='_new' href='static/monumenten/pdfs/GM021.pdf'>OPEN DOCUMENT</a>	gm.png
334405.595217,188842.680192	GM161	<a target='_new' href='static/monumenten/pdfs/GM161.pdf'>OPEN DOCUMENT</a>	gm.png
334434.412717,188558.914743	GM131	<a target='_new' href='static/monumenten/pdfs/GM131.pdf'>OPEN DOCUMENT</a>	gm.png
334296.131415,188323.327891	GM210	<a target='_new' href='static/monumenten/pdfs/GM210.pdf'>OPEN DOCUMENT</a>	gm.png
